source,product,text,score,comments,subreddit,created,rating,helpful_count,likes,retweets
Reddit,iPhone 15 Pro,"Switched from an iPhone 15 Pro to a Pixel 10 Pro ‚Äî Honest review I switched from an iPhone 15 Pro to a Pixel 10 Pro about a week ago. I‚Äôm not an Apple fanboy and mostly lived in the Google ecosystem on iOS anyway. I could pick a new phone through work and‚Ä¶ the price difference was hard to ignore: Pixel 10 Pro at ‚Ç¨899 vs. iPhone 17 Pro at ‚Ç¨1329. Paying \~50% more for the iPhone felt a bit much.

**Pros**

* **Camera** \- Took the Pixel on a short trip to Paris and the camera didn‚Äôt disappoint at ",104.0,65.0,Smartphones,1764861119.0,,,,
Reddit,iPhone 15 Pro,"The worst, most backward day of my life I‚Äôm 20 years old and a sophomore in college. I didn‚Äôt get my period yet this month so over the weekend I decided to take a pregnancy test and it turns out I‚Äôm pregnant. I knew I was going to terminate the pregnancy immediately since I‚Äôm in no position to care for a child at this point in my life. I called my boyfriend, my parents, and my best friend, and they were all supportive of my decision. After crying and getting over the shittiness of the situation,",28160.0,3431.0,TwoXChromosomes,1553168630.0,,,,
Reddit,iPhone 15 Pro,"Android to iOS User (S21 Ultra to iPhone 15 Pro Max): My Experience Pretty self-explanatory from the title. I recently switched from my S21 Ultra to the new iPhone 15 Pro Max and I just wanted to share my experience so far.

So just a little background; I've been using Android since the S6 Edge. I went from that to the S8, S10+, and most recently the S21 Ultra. Prior to the release of the new iPhone this year I was really contemplating the Z Fold 5 as I love the *idea* of a foldable phone. I hav",156.0,90.0,iphone,1697158133.0,,,,
Reddit,iPhone 15 Pro,"OP Is Left On The Side Of The Road by Uber Driver When He Realizes She's Going To Planned Parenthood Clinic **I am NOT OP. Original post by u/molesterstall0ne**

trigger warnings: &gt;!abortion, men who think they know best!&lt;

mood spoilers: &gt;!enraging but with mildly satisfying end!&lt;



---

&amp;nbsp;

[**The worst, most backward day of my life**](https://www.reddit.com/r/TwoXChromosomes/comments/b3pj1c/the_worst_most_backward_day_of_my_life/) - submitted on 21 Mar 2019 posted in /r/T",4136.0,362.0,BestofRedditorUpdates,1654704957.0,,,,
Reddit,iPhone 15 Pro,"My experience with Pixel 9 Pro XL as daily driver for 10 days and why I'm returning it. Hey everyone, I know you're not big fans of negative opinions, but I wanted to share my experience with the Pixel 9 Pro XL after using it for almost 10 days. At first, I was super excited like everyone else. When I got the phone, my initial thought was that it looked amazing. I quickly set it up and was really impressed with the new fingerprint sensor. The phone did get pretty hot during setup, but that's pro",847.0,639.0,GooglePixel,1725889910.0,,,,
Reddit,iPhone 15 Pro,"Official r/NFL Week 3 Power Rankings Welcome to week 3 of the 2025 [r/NFL](https://www.reddit.com/r/NFL/) Power Rankings. Are you interested in ranking and support the silver and black? [Throw your hat in the ring for the Raiders opening here.](https://www.reddit.com/r/raiders/comments/1nhun0s/in_need_of_official_rnfl_raiders_power_ranker/)

What a week of beatdowns and upsets! The Vikings and Bears were able to bounce back after tough week 2 losses, while the Falcons and Saints put on an NFC So",262.0,446.0,nfl,1758658236.0,,,,
Reddit,iPhone 15 Pro,"Switched from a Pro to the iPhone Air - Here‚Äôs My Honest Take So here‚Äôs my quick personal review of the iPhone Air, coming from someone who has always used the Pro models until now.
I picked up the 1TB Gold, and honestly‚Ä¶ this thing is stunning. Easily the best-looking iPhone I‚Äôve used. Apple really nailed the design on this one.
My typical day starts around 7:45am and ends close to 8pm, and my usage is pretty normal: emails, a ton of WhatsApp for work, some LinkedIn/Instagram/Snapchat scrolling",443.0,117.0,IphoneAir,1763533710.0,,,,
Reddit,iPhone 15 Pro,"2007 Retrospective #Introduction

2007 was the first full year after two major consoles released ‚Äì the Wii and PlayStation 3 in November 2006, with the Xbox 360 releasing in November 2005. Parallels can be made to 2021, with two major consoles also releasing the November prior ‚Äì the PlayStation 5 and Xbox Series X in November 2020, with the Switch releasing in March 2017. 2014 would‚Äôve been the eighth generation version, and while it did have some great games (Shovel Knight, The Evil Within, Mar",2233.0,373.0,Games,1619379221.0,,,,
Reddit,iPhone 15 Pro,"[American Comics] The Most ‚ÄúLegitomite‚Äù Art Thief in Comics, or the Guy who United Nazis and Hippies Against Himself, Got Banished From Comics, And His Multiple Attempts at a Comeback, How He Then Fell For a Different Art Thief, and His Name Became Synonymous with Theft [xxx](https://imgur.com/a/mWWKt20)

**Introduction**

Over the years I‚Äôve written several posts that follow the same pattern. [Something happens at a convention](https://www.reddit.com/r/HobbyDrama/comments/w4q72b/american_comics",1055.0,106.0,HobbyDrama,1744120874.0,,,,
Reddit,iPhone 15 Pro,"Lockdown 3.0 Things to do, plus help and support. **Disclaimer** _I want to thank everyone for the gilds, replies and suggestions. I just do not have time to reply to everyone, but I am reading everything. I am not sure how much bigger the thread can be, I already typed this but it vanished so I think I'm at the limit. I will try to keep updating, but I don't expect the thread to be up top for much longer and will likely vanish soon, so if you need anything save it._

---------------------------",1889.0,395.0,unitedkingdom,1609852846.0,,,,
Reddit,iPhone 15 Pro,"Iphone 15 Pro Max Warzone Mobile Gameplay For any people wondering how the Iphone 15 Pro Max Warzone Mobile performance is right now.
Playing on High uncapped FPS, Battery Life on 100% no overheating.

Im Level 122, spent couple hours in this game coming from COD Mobile. In my opinion the game feels slow and the lag in heavy gunfights is bad, destroying my experience.
Shipment performs the best out of all maps performance wise. 
Not talking about Battle Royale and Scrapyard Multiplayer Map, they",6.0,21.0,WarzoneMobile,1714511570.0,,,,
Reddit,iPhone 15 Pro,"iPhone 15 Pro Max (512GB) vs iPhone 16 Plus (512GB) ‚Äì Need Help Deciding! Hey everyone,

I‚Äôm stuck in a tough decision between the iPhone 15 Pro Max (512GB) and the iPhone 16 Plus (512GB), and I could really use your advice.

Here‚Äôs the breakdown:
	‚Ä¢	iPhone 15 Pro Max (512GB): Currently on sale for 1399 ‚Ç¨ in my country, which seems like a great deal. I know it has better features like the titanium body, A17 Pro chip, better camera system (with the 5x zoom), and USB-C with faster transfer speeds.",0.0,7.0,iPhone16,1733801922.0,,,,
Reddit,iPhone 15 Pro,"PATTAYA NEWBIE GUIDE updated August 3rd, 2025 :D



This is for newbies, enjoy some lite reading 555

First lets talk about things that must be done/you have to do to enter the country legally 

1. read this and watch the video : https://tdac.immigration.go.th/manual/en/index.html

2. fill this form out at least 1 week before your flight, save the confirmation to your phone and make a photo copy of it as well https://tdac.immigration.go.th/arrival-card/#/home

3. always keep a photo copy of your",1046.0,193.0,Pattaya,1709194107.0,,,,
Reddit,iPhone 15 Pro,"My First (and Last) Polene Experience Ahhh we've got a lot to talk about here. I've been shocked (in a bad way) about my experience with Polene so far and wanted to chronical it all in case it helps anyone else who's on the fence. FWIW, I'm also a leather worker and create my own handbags, so I've got some new, and \*very\* strong opinions on the quality Polene provides.

I've been eyeballing Polene **forever.** Their styles are so unique but are still so simple, beautiful and neutral. The Numer",496.0,184.0,handbags,1738337266.0,,,,
Reddit,iPhone 15 Pro,"The ultimate Dhurandhar review based on 2000+ Reddit comments. Reddit rating 8.8/10 Reddit *loves* Dhurandhar. If you enjoy gritty espionage + gangster politics, heavy gore, big-screen filmmaking, and powerhouse performances (especially Akshaye Khanna + Ranveer Singh), this is very likely a must-watch in theatres. If you hate long runtimes, gore, or political undertones, you may bounce off it.

# 1. Overall Reddit verdict 

From dozens and dozens of substantive comments:

* The vast majority are",181.0,92.0,BollyGoodVibes,1765027310.0,,,,
Reddit,iPhone 15 Pro,"M3 MacBook Pro: 1 Year Later Apple Intelligence Summary at the end

So I‚Äôve had the M3 MacBook Pro since launch and wanted to share my thoughts about the device after using it for a year. I upgraded from a 2017 base 13-inch MacBook Pro. The model I went with was the 14-inch base M3 Pro version with an 11-core CPU, 14-core GPU, 18 GB of RAM, and 512 GB of storage in the space black finish.  I use a Tech21 Evo hard shell case and a Spigen tempered glass screen protector, both of which I have used ",602.0,138.0,macbookpro,1730908329.0,,,,
Reddit,iPhone 15 Pro,"My experience pixel 10 pro xl vs iPhone 16 pro Max. Was a long time android user up until the iPhone XS as wife needed a new phone and they were having a buy one get one free iPhone sale. Been with Apple since. So last year, I was rocking the iPhone 14 Pro (wife current phone) and was really wanting to try and break out of Apple. 

Pixel 9 xl was announced and I was really intrigued so I got one from spectrum mobile for $699 to try out. Super refreshing to use and felt right at home for the most",146.0,130.0,pixel_phones,1756627195.0,,,,
Reddit,iPhone 15 Pro,Opinion on mrwhoosetheboss iPhone 15 pro review and camera comparison What do you think how‚Äôs your experience regarding that,0.0,5.0,iPhone15Pro,1701172931.0,,,,
Reddit,iPhone 15 Pro,"EDC Starter Pack: An Arbitrary List of Gear that Gets Recommended a Lot Disclaimer: I make no claim to be an expert in any of this, I am just speaking from what I see recommended here a lot, and some personal experience and research. 

For the record, this is inspired by [this list](https://www.reddit.com/r/flashlight/comments/600cb8/arbitrary_list_of_lights_that_get_recommended_a/) made by /u/Zak over on /r/flashlight. I noticed that there are often questions here, and wanted to have a compilia",1955.0,213.0,EDC,1513047002.0,,,,
Reddit,iPhone 15 Pro,"New Nexdock 14"" Review As always, not journalists, doing our best to be even, fair, etc etc.   No money changes hands, and they vendor has no input/influence on the review, aside from answering our questions.   Preamble aside, let's get down to it!



# [The New Nexdock 14""](https://nexdock.com/explore-nexdock/)

[New Nexdock 14\\""](https://preview.redd.it/stmki3b1unlf1.png?width=1068&amp;format=png&amp;auto=webp&amp;s=467212105db5b351212c00ded916fd343782dcef)

  


The owner of Nex had been hin",77.0,149.0,SamsungDex,1756346497.0,,,,
Reddit,iPhone 15 Pro,"NP3 2 Month Review My iPhone 13 Pro Max was coming near it's end in regard to just slowing down and being glitchy. I needed to get a new phone soon and I took a leap of faith and preordered the NP3 and here are my thoughts

The photos are to show the design of the phone, the essential space how much I use it, as well as photos this phone has taken.

Off the bat we have the Nothing Phone (3) doubling down on what makes a Nothing feel different: a minimalist, playful software skin, a transparent i",343.0,58.0,NothingTech,1759283905.0,,,,
Reddit,iPhone 15 Pro,"How I started my own tax firm (CPA), approaching 3rd busy season I started my own tax firm a couple years ago and have been meaning to share some of my experience for a long time.

I promised myself I would write this quickly and get it over with. So I am not writing this very carefully. Excuse any errors, omissions, or confusing writing.

If people have questions I will try to respond occasionally but will probably be bad about it.



Viability:

* Most businesses end up going out of business a",355.0,36.0,Accounting,1764879112.0,,,,
Reddit,iPhone 15 Pro,"[REVIEW] Chanel Medium Classic Flap in Burgundy Caviar/LGHW (187 Factory) - Heidi Another day, [another Chanel Classic Flap](https://imgur.com/PqWlFyp). This time, slip on some silk jammies and compression socks because we‚Äôre chartering a PJ to Burgundy. Not to be confused with *Bordeaux* or (God forbid) *Beaujolais*, this sumptuous blend of red and purple has graced the interior of classic Chanel bags since the 2.55. She‚Äôs used to being peeked at, but now she‚Äôs taking up the whole-ass stage as ",376.0,207.0,WagoonLadies,1715134742.0,,,,
Reddit,iPhone 15 Pro,"Poco X7 Pro Review ( After 3 Months) Hello everyone! I have already posted a 1 month review but I assure you this is not ""karma farming"" or anything, I just want to share my experience. Now I feel like I fully got to know this device and have more solid opinions about it. Also F7 series phones are about to be released and I thought for some people the X7 Pro might be more than enough. So here it goes:

PROS:

- The battery life is insane! Even though I used the phone very lightly (occasional use",99.0,186.0,PocoPhones,1745889893.0,,,,
Reddit,iPhone 15 Pro,"M3 MacBook Pro: 1 Year Later Apple Intelligence Summary at the end

So I‚Äôve had the M3 MacBook Pro since launch and wanted to share my thoughts about the device after using it for a year. I upgraded from a 2017 base 13-inch MacBook Pro. The model I went with was the 14-inch base M3 Pro version with an 11-core CPU, 14-core GPU, 18 GB of RAM, and 512 GB of storage in the space black finish.  I use a Tech21 Evo hard shell case and a Spigen tempered glass screen protector, both of which I have used ",495.0,108.0,macbook,1730908378.0,,,,
Reddit,iPhone 15 Pro,"Don't just listen. Feel it in your body with PUNCH. Some IEMs warn you from the very first second:

""Close your eyes and focus on me, we're taking you on a musical journey.""

The Kiwi Ears x HBB PUNCH is exactly that kind of IEM. And yes, the name isn't a marketing gimmick. The bass really packs a punch. It's deep, dense, physical, and hits you right in the chest. But what's even more surprising is the control. Despite this level of bass authority, the midrange and treble never get overwhelmed. ",126.0,70.0,iems,1763630584.0,,,,
Reddit,iPhone 15 Pro,"Phone purchase dilemma. Get an S23 Ultra now or wait for iPhone 15 Pro Max As the title suggests, I need your opinions regarding these 2 phones. Here's a brief about my current situation and usage patterns, so that it gives you a complete picture. 

I have been an Android user all my life and my current phone is a OnePlus 8T, which I've been using for nearly 2.5 years. I've been a heavy user (max brightness, wifi, bluetooth and mobile data simultaneously working together, frequent complete charg",2.0,2.0,Smartphones,1682440877.0,,,,
Reddit,iPhone 15 Pro,"Pixel 10 Charging Insights (PixelSnap is BAD) **Edit: Decided to add a few context information after reading comments**  
*1) Adaptive battery was turned off during both charging tests, 2) The second table is referring to wired charging, apologies for missing it out previously, 3) These tests were done on Pixel 10, NOT 10 Pro or 10 Pro XL. I have Pixel 10 Pro charging data coming soon, 4) Added time taken for 0-20% range, realised it was left out by accident.*

I saw a few redditors commenting a",50.0,95.0,GooglePixel,1757562043.0,,,,
Reddit,iPhone 15 Pro,"I‚Äôve reviewed 1,000+ good (and bad) resumes. Here are my tips on perfecting yours. Hey guys! So over the past few years, I‚Äôve looked at 1,000+ resumes and analyzed what differentiates a good resume from the bad. And, well, I ended up learning a lot.

I‚Äôve been lurking on Reddit for like forever and wanted to give a bit back to the community. So, I created this mega-list of ALL the best resume tips &amp; tricks I‚Äôve learned over the years.

Hope you guys find it useful.

So, the tips are...

1. *",1100.0,156.0,jobs,1598882646.0,,,,
Reddit,iPhone 15 Pro,"Wrestling Observer Rewind ‚òÖ Mar. 26, 2001 *Going through old issues of the Wrestling Observer Newsletter and posting highlights in my own words. For anyone interested, I highly recommend signing up for the actual site at [f4wonline](http://f4wonline.com) and checking out the full archives.*

---
**PREVIOUS YEARS ARCHIVE:**

**[1991]
(https://www.reddit.com/r/SquaredCircle/comments/4so8a9/wrestling_observer_rewind_12231991_final_post_for/) ‚Ä¢ [1992](https://www.reddit.com/r/SquaredCircle/comments/",779.0,270.0,SquaredCircle,1557763293.0,,,,
Reddit,iPhone 15 Pro,"Pixel 9 pro: 1 year review 

One year ago, I unboxed the Google Pixel 9 Pro, hoping it would live up to its promises of intelligence and longevity. Today, after 365 days of constant use as my daily driver, I can confidently say it has not only met those expectations but has exceeded them in every way. This isn't just a great phone; it's a testament to how a device should age.


The OS: As Fluid as Day One
The most remarkable aspect of the Pixel 9 Pro after a full year is its unwavering smoothnes",94.0,82.0,pixel_phones,1755248161.0,,,,
Reddit,iPhone 15 Pro,"First Japan Trip Report w/ Spending Breakdown and Full Itinerary Excel **My personal planning Excel with Price/Item Breakdown and Hour by Hour Schedule can be found here:** ***(Originally made in Excel so Google sheets broke the fancy picture banners I had for each day)***

[**https://docs.google.com/spreadsheets/d/12LkC1n7ElYmZbg1ODdWNxykCj9-h0Bgw/edit?usp=sharing&amp;ouid=115524973516890033599&amp;rtpof=true&amp;sd=true**](https://docs.google.com/spreadsheets/d/12LkC1n7ElYmZbg1ODdWNxykCj9-h0Bg",260.0,77.0,JapanTravelTips,1743101210.0,,,,
Reddit,iPhone 15 Pro,"Gibson Garage London and the guitar I bought there So last Thursday I was in Gibson Garage in London and I want to take some minutes here to tell you all the whole experience, which was fantastic.

I arrived like 10 minutes before opening (11am) and took a look at all the guitars that I could see from outside. Inside was pretty busy even when it was closed, with all the ""Gibson Pros"" (this is how they all called) running around the store and preparing everything in advance.

So I went in, took a",368.0,35.0,gibson,1753958224.0,,,,
Reddit,iPhone 15 Pro,"First Japan Trip Report w/ Price Spending Breakdown and Full Hourly Itinerary Excel **My personal planning Excel with Price/Item Breakdown and Hour by Hour Schedule can be found here:** ***(Originally made in Excel so Google sheets broke the fancy picture banners I had for each day)***

[**https://docs.google.com/spreadsheets/d/12LkC1n7ElYmZbg1ODdWNxykCj9-h0Bgw/edit?usp=sharing&amp;ouid=115524973516890033599&amp;rtpof=true&amp;sd=true**](https://docs.google.com/spreadsheets/d/12LkC1n7ElYmZbg1ODd",293.0,67.0,JapanTravel,1743099418.0,,,,
Reddit,iPhone 15 Pro,"M1 Mac Mini: Long-Term Review Apple Intelligence Summary TLDR at the end

So I‚Äôve had the M1 Mac Mini since December of 2020, which was about one month after it launched in November, and wanted to share my thoughts about the device after using it for about 4 years. I previously used a 2012 iMac as my desktop computer, and that was definitely slowing down after 8 years of use. I‚Äôve gone between a dual-monitor and single-monitor setup of a 32-inch LG QHD Monitor and also using a 27-inch Sony monit",357.0,69.0,macmini,1733021882.0,,,,
Reddit,iPhone 15 Pro,"Wrestling Observer Rewind ‚òÖ Jan. 12, 2004 *Going through old issues of the Wrestling Observer Newsletter and posting highlights in my own words. For anyone interested, I highly recommend signing up for the actual site at [f4wonline](http://f4wonline.com) and checking out the full archives.*

---

‚òÖ [**Complete Wrestling Observer Rewind 1991-2003**](https://www.reddit.com/r/SquaredCircle/comments/cxivld/the_complete_wrestling_observer_rewind_19912001/) - *Reddit archive*

‚òÖ [**www.rewinder.pro**]",286.0,66.0,SquaredCircle,1740589453.0,,,,
Reddit,iPhone 15 Pro,"Went from Pixel 4a to Pixel 8a. Here are my observations so far I've had the Pixel 4a for around 3 years; got it in 2021. Very happy with it. I upgraded to it from the OG Pixel and it was an improvement in every area. 

Despite being very happy with the 4a, I was still mulling over an upgrade to the Pixel 8 now that its price is a bit more sensible, but all the UI stuttering issues deterred me from it. Recently there was a sale for the Pixel 8a; I decided to go for that instead. 

Here are my ob",176.0,108.0,GooglePixel,1733003326.0,,,,
Reddit,iPhone 15 Pro,"All the questions and answers from Ben Brode's AMA Link to the thread: https://www.reddit.com/r/IAmA/comments/6nc1zz/well_met_im_ben_brode_the_game_director_on/

- **STRICTLY GAME AND DESIGN RELATED QUESTIONS**

**Q: What's the reason for announcing an expansion and not revealing new cards in the following weeks only to dump ~40 cards a few days before the expansion is released instead of having a steady stream of reveals?**

A: We used to do a steady stream of new reveals of about 1 card a day,",897.0,186.0,hearthstone,1500099399.0,,,,
Reddit,iPhone 15 Pro,"Just another RedMagic Astra Review: Warning, It's a Long One!!! So, I've had the Astra for a few weeks now, and have put it through it's paces. To preface this review, everyone should know that I am pretty much a tablet hoarder. I currently own 6 tablets, with various  OS's, sizes and manufacturers, that I keep around  because they all have a certain appeal for me.

MY TABLET AND THEIR USE:
Samsung Tab S9 Ultra (Tablet Laptop Replacement)
Lenovo Chromebook Duet 5 (Linux VS Code, Python practice)",52.0,70.0,RedMagic,1755241947.0,,,,
Reddit,iPhone 15 Pro,"[OC] The History of College of Faith: Background on the Noble Idea that Failed in Practice The **College of Faith** (CoF) &amp; **University of Faith** (UoF) have got a lot of attention on /r/CFB thanks to the original post I made about them ([available here](http://www.reddit.com/r/CFB/comments/2fk0z4/oc_are_there_two_fake_schools_operating_on_the/)) which called into questions whether they are even schools. Since that post I've been getting a number of interesting, useful messages both via pri",891.0,224.0,CFB,1415213514.0,,,,
Reddit,iPhone 15 Pro,"Over 60 Days with Apple Vision Pro - Reflections and Experience - No more hate I've been using VR headsets for over 7 years. I've practically tried every VR headset out there (except for a few professional models): HDK OSVR 1.4, PIMAX 4K, PIMAX 8K, PIMAX 8KX, PIMAX 5K Super, PIMAX Crystal, Oculus Rift, HTC Vive, Vive Pro, Vive Cosmos, Vive Pro 2, Vive XR Elite, Valve Index, Rift S, Quest 1, Quest 2, Quest Pro, Magic Leap, nReal, DPVR E4, and currently Quest 3 and Apple Vision Pro.

I probably ca",202.0,142.0,VisionPro,1715514965.0,,,,
Reddit,iPhone 15 Pro,"Step-by-step guide on how to make $1,000+ a month online! *****

Hello, I wanted to preface that this guide is about creating supplemental income online. It's suited towards anyone who has free time and is willing to put in a few hours during the week. The most I've made is $2,300 in a month and the least was a bit over $500. I spend 10-20 hours a week max with these methods. This guide is updated weekly.



----
Top deals for December 2025
----

----

These are essentially **free money**. Many ",258.0,95.0,OnlineIncomeHustle,1723758442.0,,,,
Reddit,iPhone 15 Pro,"3 days review Hello everybody,

I'm no one - just a Blackberry user since 15 years. I'm 42. I'm mostly using my phone for : e-mails, managing my Synology NAS (photos, files, notes, agenda...), browsing the web, social media (not much but still - 30 min a day I would say), calls, texts, gps, music and a few convenient apps (Visorando, Superbuy, Emby, Moneybuster, M365...)

**My top priorities for a smartphone are :**

\- Physical keyboard

\- Strong network reception

\- Battery Life

Camera is n",86.0,35.0,unihertz,1761572260.0,,,,
Reddit,iPhone 15 Pro,"Tales from the $Facility: Part 2 - Building Alliances Hello again, everyone!  This is my next story from the **$Facility**, where I try to start making traction against everything arrayed against GIS.  All of this is from the best of my memory along with some personal records (and I have started taking notes specifically so I can write stories for TFTS!)  There's also a lot that comes from rumors, gossip, and other people, but most of this is very recent, so any inaccuracies are entirely on me. ",271.0,32.0,talesfromtechsupport,1751506007.0,,,,
Reddit,iPhone 15 Pro,"PCPer's Response to the Recent Ethical Concerns and Accusations (Had to repost as Reddit picked a thumbnail from a CNN story as the correct image for this post. Sorry! [This link here to our PCPer logo](https://pbs.twimg.com/profile_images/1797879757/pcper_logo.jpg) is to prevent mobile apps from grabbing the CNN link still.)

Hi hardware fans. It's been an eventful couple of days in the offices and home for me (and Allyn). A video from YouTube channel AdoredTV was posted late Thursday night (US",208.0,838.0,hardware,1517070059.0,,,,
Reddit,iPhone 15 Pro,"Initial thoughts coming from the iPhone 16 Pro Max - I may switch back! LONG POST!

I've been using the OnePlus 15 and the OnePlus Watch 3 43mm (came free with the phone here in the UK) for a couple of days now. Thought people might be interested to hear my initial thoughts coming from an iPhone 16 Pro Max and Apple Watch Series 10...having been an Apple user for 6 years.

Lots of things I like, a few more things I want to offer more time to, and a couple of annoying things that may even make me",49.0,34.0,TheOnePlus15,1763725289.0,,,,
Reddit,iPhone 15 Pro,"My Favourite (Mostly Free) Must Have Mac Apps I upgraded from my 2019 MacBook Air to the M3 Air in September and sort of went off the deep end, playing around with a lot of different apps to enhance my Mac experience. As a Uni student, here are the apps that I use every day and my honest user experience and feedback. Most of the apps installed are free, but any that aren't will have their price factored into my overall review. 

**All of these apps are super easy to install and use and don't req",261.0,55.0,macapps,1736822053.0,,,,
Reddit,iPhone 15 Pro,"How I use my Xreal Ones: A 5-month guide/review Hello and welcome to my fiveish-month review of the Xreal One glasses.  I thought with the Pro line starting to arrive in user‚Äôs hands, that now would be a good time to visit my experience with the One‚Äôs and share my thoughts since they share so much similarity. Overall, I could not be happier with my purchase of the glasses and have fully committed myself to bringing the most out of them I can work out on my own. There are limitations and some thi",130.0,60.0,Xreal,1747833850.0,,,,
Reddit,iPhone 15 Pro,"Comprehensive Review of MacBook Air 2020 - From a Programming &amp; Windows Perspective **My Computer**:

I got the i5 model with 16 GBs of Ram and the 256GB SSD ($1179 w/student discount). Throughout this review I will compare with a dell xps 13 9370 that has an 8th gen i7, 16 GB RAM and 512 SSD that originally was $1750, but I got for a little cheaper than this Air.

**My Background**:

I am coming from the perspective of a CS / Programming / Data Engineering Student. I‚Äôm in my final year of m",590.0,172.0,macbookair,1587037400.0,,,,
Reddit,iPhone 15 Pro,"Considering your first HOTAS? More comprehensive into... I thought the current ‚Äúconsidering your first HOTAS guide‚Äù was lacking, so I decided to update a post I made over 6 years ago (mods add this to sticky? :D)

**UPDATE: 2024-12-02**
The info in this post is still good but the prices are a little off now. IMO there's still a lot of good information in here, but if you'd prefer a more recent video, [check out this Youtube video here](https://youtu.be/ZFRZx4PNM-U?si=ZF0WLiObk1MSZCXF) made by MY",560.0,149.0,hotas,1611886738.0,,,,
BestBuy,iPhone 15 Pro,Amazing product! Works perfectly. Highly recommend.,,,,,5.0,45.0,,
BestBuy,iPhone 15 Pro,Disappointed with battery life. Overpriced for what you get.,,,,,2.0,32.0,,
BestBuy,iPhone 15 Pro,Good but not great. Has some issues with connectivity.,,,,,3.0,18.0,,
Twitter,iPhone 15 Pro,Just got my iPhone 15 Pro and I'm blown away! Best purchase ever! üî•,,,,,,,234.0,45.0
Twitter,iPhone 15 Pro,Really disappointed with iPhone 15 Pro. Not worth the hype at all üòû,,,,,,,89.0,12.0
Twitter,iPhone 15 Pro,iPhone 15 Pro is okay. Nothing special but does the job.,,,,,,,23.0,3.0
Reddit,Samsung Galaxy S24,"I changed my mobile phone after almost 7 years. I‚Äôm going to explain my experience more in depth, because I like to share my thoughts on this switch.  
I hope this reaches people with similar interest.  
  
  
**‚ñ† First, a long time review of my now old smartphone:**  
Until this year‚Äôs spring (2025), my phone was the Samsung Galaxy S9, which I bought in the fall of 2018. (So, to be exact, it‚Äôs 6 years and 7 months in usage, from only me.)  
At the time, I didn‚Äôt want the curved display style, b",4385.0,376.0,samsunggalaxy,1749743674.0,,,,
Reddit,Samsung Galaxy S24,"My Pixel so far; The other day i posted about having switched from my Samsung Galaxy S24 Ultra to a Google Pixel 9 Pro XL;  
[https://www.reddit.com/r/pixel\_phones/s/LXUtVHHmfX](https://www.reddit.com/r/pixel_phones/s/LXUtVHHmfX)  
(Photo 1)  
  
The reason for this switch that I seem to have awfully bad luck with Samsung Galaxy phones. I'm sure the die hard Samsung boys will waste no times to rush to the comment section to tell me all about how I'm wrong and it's all my fault. I feel like my f",521.0,152.0,pixel_phones,1745777561.0,,,,
Reddit,Samsung Galaxy S24,"As a first-time Apple Watch user, this thing is the real deal. DISCLAIMER: I'm about to compare a current-gen watch to a previous-gen watch, so this is not a like-for-like matchup. I'm just documenting my experiences so far. Also, I'll only be talking about things I used / tested, and even then, I won't discuss everything. Also, this will be a very long post.

I picked up an Apple Watch Series 10 (46 mm) about a week ago because honestly, I haven't been too satisfied with my Samsung Galaxy Watch",252.0,79.0,AppleWatch,1742118502.0,,,,
Reddit,Samsung Galaxy S24,"Galaxy buds 3 pro, are they any good? I thoroughly tested these quite controversial new earbuds since day one and they are fine but need rafinement.

My recent experience with the Samsung galaxy buds 3 pro has been enjoyable to some extents.

Out of the box, they look really nice and first impression, they feel nice they look nice and weigh about 4 grams less than airpods (58g vs 62g) so they quality feel is there.

I tested the fit and they are comfortable although a little bit less when im lay",147.0,136.0,galaxybuds,1722138214.0,,,,
Reddit,Samsung Galaxy S24,"My 6 day adventure with the samsung s24 ultra and why i'm back to my iPhone This post is really a short review of my week long experience with the Samsung S24 Ultra and why i went back to Apple. I'm just trying to provide my experience for users who think about switching and what i liked and disliked about Samsung and Android in general.

So, I've been an average iPhone user for the past decade, in which i got 8 of the 10 past iPhones. After watching the 16 Presentation two weeks ago, I was quit",138.0,113.0,iphone,1727393915.0,,,,
Reddit,Samsung Galaxy S24,"Should I go with the Galaxy S24 (Snapdragon)? Need genuine opinions Hey guys,
I was originally planning to buy the Pixel 9 during the Flipkart sale, but Flipkart completely fucked up. So now I‚Äôm thinking about getting the Samsung Galaxy S24 (Snapdragon variant).

My main question is about the battery life. I‚Äôm not a heavy or ‚Äúpro‚Äù user during weekdays, but on weekends I use my phone a lot ‚Äî around 8 hours of screen time, mostly watching content and doing some light gaming (nothing heavy).

So is",14.0,25.0,GalaxyS24,1760192702.0,,,,
Reddit,Samsung Galaxy S24,"Xiaomi 15 ultra experience from long term Samsung user 
Experience with Xiaomi 15 ultra ( Xiaomi15U) from long term Android User

So I recently purchased and started using this Phone after reading so many good things about it, YouTube, TikTok and so on. Latest phone was a Samsung Galaxy S24 ultra. I want to give an honest review of my perception:

Pros: The phone on the battery is quite good, I've read a lot about battery problems but didn't encounter any so far. The screen is also great even in",3.0,27.0,XiaomiGlobal,1747508720.0,,,,
Reddit,Samsung Galaxy S24,"Comparing Galaxy S24+, Motorola Razr+, and Pixel 6A My data provider occasionally gives me exceptionally good deals on new phones via trade in bonuses to the point of being near free, so I decided to test out 2 new phones and review how they compare to my old Pixel 6A.  The two phones were a Samsung Galaxy S24+ and a Motorola Razr+ (2023).  

The activity I use my phone for most often is playing podcasts via Bluetooth to my hearing aids while walking/hiking with my dog.  We cover 200-300 miles e",102.0,55.0,Android,1709497510.0,,,,
Reddit,Samsung Galaxy S24,"Nothing Phone 3 - A very detailed review Hello everyone,

I‚Äôve been interested in technology for as long as I can remember ‚Äì whether smartphones, smartwatches, tablets, VR headsets, and so on.
Since I work in the school system and am partly responsible for maintaining the tablets used by students, often get consulted by friends and family for all sorts of computer and smartphone issues, and (admittedly) spend way too much money on tech products according to my girlfriend, I‚Äôve had countless devi",24.0,8.0,NOTHING,1756218768.0,,,,
Reddit,Samsung Galaxy S24,"Nothing Phone 3 - a very detailed review Hello everyone,

I‚Äôve been interested in technology for as long as I can remember ‚Äì whether smartphones, smartwatches, tablets, VR headsets, and so on.
Since I work in the school system and am partly responsible for maintaining the tablets used by students, often get consulted by friends and family for all sorts of computer and smartphone issues, and (admittedly) spend way too much money on tech products according to my girlfriend, I‚Äôve had countless devi",10.0,8.0,NothingTech,1756218718.0,,,,
Reddit,Samsung Galaxy S24,"Edge 50 Pro - My Review(?) After ~2 Months (LONG!) First off, a little background on my usage and where I'm coming from to this phone: My last two phones were a Nokia 6.1 (bought in 2019) and a Samsung Galaxy S20 FE 5G (bought in 2022). I am not a ""heavy"" user of phones, I don't mind not having the fastest SoC because I don't play a lot of intensive 3D games, so I also appreciate having a phone that doesn't heat up too much even if I do because ***my hands sweat quite excessively (this is very i",22.0,18.0,motorola,1743585524.0,,,,
Reddit,Samsung Galaxy S24,"Introducing the Galaxy S24 Camera/Gallery February update Here's a Google Translated version of [the announcement](https://r1.community.samsung.com/t5/%EA%B0%A4%EB%9F%AD%EC%8B%9C-s/%EA%B0%A4%EB%9F%AD%EC%8B%9C-s24-%EC%B9%B4%EB%A9%94%EB%9D%BC-%EA%B0%A4%EB%9F%AC%EB%A6%AC-2%EC%9B%94-%EC%97%85%EB%8D%B0%EC%9D%B4%ED%8A%B8-%EC%86%8C%EA%B0%9C%ED%95%A9%EB%8B%88%EB%8B%A4/td-p/25621157) on the Samsung Members forum in Korea:  

&gt;hello. I'm in charge of the camera.

&gt;First, we would like to thank Samsu",101.0,40.0,Android,1708055239.0,,,,
Reddit,Samsung Galaxy S24,"Stuck Choosing Between Poco, Motorola, Redmi &amp; Samsung ‚Äî What‚Äôs the Best Value? Hey everyone,

I‚Äôm currently using a Samsung Galaxy M31, which has served me well for years, but it‚Äôs time for an upgrade. My budget is below $300 USD (~‚Çπ25,000 INR), and I‚Äôve shortlisted these phones:

Motorola Edge 60 Pro

Poco F7

Xiaomi Redmi Note 14 Pro &amp; Pro+

Samsung Galaxy S24 FE

Samsung Galaxy A55


My main priorities are:

Snapdragon chipset (because I want to use GCam to cover any camera shortcomi",1.0,2.0,GadgetsIndia,1754642811.0,,,,
Reddit,Samsung Galaxy S24,"Which phone should I go for? I've done a bunch of research through reviews and samples for the cameras, but I'm still sort of torn between a few options:  
\- Samsung Galaxy S24  
\- Xiaomi 14T Pro  
\- Motorola Edge 50 Pro

Price differences don't really matter to me, they're all close enough for it to not be much a of factor, I'm just wondering what would give me the best experience across the board, with a focus on camera quality.

The S24 looks best to me at the moment but more opinions woul",6.0,17.0,Smartphones,1735916398.0,,,,
Reddit,Samsung Galaxy S24,"I need advice on choosing a phone I've been picking out a new (better) phone for a while now, and even though I've narrowed down the choices, I'm still hesitant. Please skip the iPhone vs Samsung wars - I need specific advice, not fanboy battles. üòÑ I need advice so I don't regret the purchase.

**My history**

* I've always used Android (LG, last 9 years Xiaomi - mainly because of price).
* I use phones for a long time, easily 5-8 years, as long as they just work.

**Current dilemma**

I'm consi",2.0,7.0,Smartphones,1745100007.0,,,,
Reddit,Samsung Galaxy S24,"Good camera, software experience between Samsung, Pixel and chinese phones. Help me pick. I'm looking for a new phone since I dropped a pixel 6a and cracked the screen during the holidays.

Main things I'm looking for are.
1. Good battery life
2. Great camera for taking fit pics and point and shoot for moving things
3. Software experience.
Price isn't really a big issue, but I'd like to get something that'll last a few years.
Optional: SD card slot, (loved jack plugs for audiophile gear, not an ",1.0,3.0,PickAnAndroidForMe,1735148179.0,,,,
Reddit,Samsung Galaxy S24,"Hello Galaxy Tab S9, farewell Apple [Galaxy Tab S9 with the GlideX app mirroring my ASUS Zenbook screen](https://preview.redd.it/y4o416u8gx3d1.jpg?width=4000&amp;format=pjpg&amp;auto=webp&amp;s=29d0e0d1e3f449e4e64364a506c06dda6f101cc8)

This post ended up being a lot longer that I intended (it's a product of procrastination from completing a course assignment!)

I'll start by saying that Apple make great products and if their ecosystem works for you then it's a great thing to be part of. At one ",23.0,11.0,GalaxyTab,1717237708.0,,,,
Reddit,Samsung Galaxy S24,"Upgrading from a cheap Xiaomi phone Hello everyone! English isn't my native language so sorry for any grammar mistakes.

I had a Huawei P10 Lite some years ago which I absolutely adored but after some serious physical damage it suffered, I had to replace it with a cheaper phone, a Xiaomi Redmi Note 10S.

These past 2-3 years with this phone have been horrible. I've never had such an annoying phone and the camera, which is something I value a lot, is awful. Daytime landscape pictures are fine, bu",2.0,4.0,PickAnAndroidForMe,1730056958.0,,,,
Reddit,Samsung Galaxy S24,"I analyzed 1.1 million phone reviews and created a sentiment analysis table tl;dr I analyzed 1.1 million smartphone reviews and scored phones based on positive/negative mentions for value, camera, battery, display, design, and OS. So sentiment score = positive vs. negative mentions.

Top 5 in general categories are:

* Samsung Galaxy S24+
* iPhone 14 Plus
* Samsung Galaxy Z Flip 6
* iPhone 15 Plus
* Samsung Galaxy S23 FE

  
--

I wanted to add a full table but it seems images are not allowed. S",10.0,4.0,Smartphones,1726351834.0,,,,
Reddit,Samsung Galaxy S24,"s24ultra getting in offer, worth buying comparing to IPhone15promax, I mean camera and overall perspective? Now almost after 5 months after release prices of S24 ultra is slashed down with retail stores and now available in good price rather than 1400 euro!! 

I have read a lot and show lots of reviews across Youtube about phone and camera comparison with older s23ultra, pixel8pro, Iphone 15 pro max. 

As conclusion to my analysis, S24 Ultra is overall a good package with following strenth weakn",1.0,6.0,S24Ultra,1721305033.0,,,,
Reddit,Samsung Galaxy S24,"First Impressions with the Xperia 1 V + What Others Don't Tell You This article has moved from¬†[](https://www.reddit.com/r/SonyXperia/)¬†community because it was censored/deleted, with no explanation.

**Initial Impression - Nothing Special**

The first thing I noticed upon receiving it - it‚Äôs GRAY, not silver, not platinum, not white, but GRAY!

I spent the following days trying to see the color in sunlight as shown in reviews, and then I realized that 90% of the reviews are advertisements where",6.0,3.0,SonyXperia_2,1723473140.0,,,,
Reddit,Samsung Galaxy S24,"The Samsung Galaxy S26 Pro will use the same cameras as the S25, S24, S23, S22 [IceUniverse] ",684.0,303.0,Android,1760626666.0,,,,
Reddit,Samsung Galaxy S24,"Android Authority - all pictures don't work with uBlock Origin default settings [https://www.androidauthority.com/](https://www.androidauthority.com/)

https://preview.redd.it/dqnarn6d6zgc1.png?width=1915&amp;format=png&amp;auto=webp&amp;s=b08fa4002e86d97bfe828bdef06d481153a47c32",4.0,2.0,uBlockOrigin,1707229711.0,,,,
Reddit,Samsung Galaxy S24,Samsung is now manufacturing Galaxy S24 in India at Noida factory. ,2412.0,107.0,IndiaTech,1747965696.0,,,,
Reddit,Samsung Galaxy S24,"Android User Switches to iPhone: My Experience Pretty self-explanatory from the title. I recently switched from my S21 Ultra to the new iPhone 15 Pro Max and I just wanted to share my experience so far.

So just a little background; I've been using Android since the S6 Edge. I went from that to the S8, S10+, and most recently the S21 Ultra. Prior to the release of the new iPhone this year I was really contemplating the Z Fold 5 as I love the *idea* of a foldable phone. I have never been one to s",2.0,0.0,phone,1697160358.0,,,,
Reddit,Samsung Galaxy S24,"The Samsung Galaxy S24 Ultra alongside it's first generation ancestor the Samsung Galaxy, 14 years apart.  ",2592.0,276.0,Damnthatsinteresting,1706970227.0,,,,
Reddit,Samsung Galaxy S24,Samsung to Follow iPhone 15 Pro and Use Titanium for Galaxy S24 Ultra ,1633.0,556.0,gadgets,1699010190.0,,,,
Reddit,Samsung Galaxy S24,"Samsung chairman calls Galaxy S24 series ""more disappointing than iPhone"" at high-level meeting ",1324.0,452.0,gadgets,1706072274.0,,,,
Reddit,Samsung Galaxy S24,Apple iPhone 16 vs Samsung Galaxy S24 vs Pixel 9: Which one will you pick? ,727.0,458.0,GadgetsIndia,1726202640.0,,,,
Reddit,Samsung Galaxy S24,Samsung may reduce number of models to 2 for Galaxy S24 series ,1463.0,423.0,Android,1673423304.0,,,,
Reddit,Samsung Galaxy S24,"Samsung‚Äôs Galaxy S24 phone might someday have fees for AI usage | Samsung says AI features are ""free until the end of 2025."" ",820.0,240.0,gadgets,1705631503.0,,,,
Reddit,Samsung Galaxy S24,"Samsung Galaxy S24 Ultra Price reveled it's 71,999 ",300.0,119.0,GadgetsIndia,1758125882.0,,,,
Reddit,Samsung Galaxy S24,Google Pixel 9 vs iPhone 15 vs Samsung Galaxy S24: Which one would you pick under 80K? ,306.0,386.0,GadgetsIndia,1723783493.0,,,,
Reddit,Samsung Galaxy S24,Samsung Galaxy S24 Ultra runs Fallout 4 and many other PC games with more than playable frame rates ,773.0,138.0,Android,1718730622.0,,,,
Reddit,Samsung Galaxy S24,Official renders and specs of the upcoming Samsung Galaxy S24 series leaked ,607.0,240.0,gadgets,1701443285.0,,,,
Reddit,Samsung Galaxy S24,Samsung Galaxy S24 series vs iPhone ,517.0,255.0,GadgetsIndia,1706335342.0,,,,
Reddit,Samsung Galaxy S24,One Plus 12 vs Samsung Galaxy S24 Ultra ,580.0,215.0,GadgetsIndia,1706680819.0,,,,
Reddit,Samsung Galaxy S24,"Samsung Galaxy S24 vs S25, Spot the difference ",295.0,157.0,IndiaTech,1737557278.0,,,,
Reddit,Samsung Galaxy S24,Samsung Galaxy S24 lineup full Specifications Leak from Evan Blass ,429.0,245.0,Android,1703144092.0,,,,
Reddit,Samsung Galaxy S24,"Anyone else hate the new Samsung update UI 7? Feels like they‚Äôre trying to copy Apple Woke up this morning after my Galaxy S24 updated overnight and‚Ä¶ what the hell happened? Everything looks like an iPhone now. The layout, the battery icon, the notifications panel‚Äîit all has that Apple vibe, and I hate it. I even compared it with a friend‚Äôs iPhone at school, and honestly, they‚Äôre starting to look way too similar.

Samsung used to have its own identity, but now it‚Äôs like they‚Äôre slowly turning in",3755.0,2567.0,samsungnotes,1745514974.0,,,,
Reddit,Samsung Galaxy S24,The Google Pixel 8 and Samsung Galaxy S24 prove specs still matter ,354.0,268.0,Android,1705485294.0,,,,
Reddit,Samsung Galaxy S24,"Mishaal Rahman and I have hands-on the Samsung Galaxy S24 series. Ask us anything! We have hands-on the S24, S24+, and S24 Ultra. Ask us anything. We've been invited by Samsung to attend Unpacked in San Jose.

Leave your questions below and we'll get back to you as soon as possible.",226.0,414.0,Android,1705520097.0,,,,
Reddit,Samsung Galaxy S24,Samsung releases One UI 8 stable update to Galaxy S24 ,169.0,86.0,samsung,1758539920.0,,,,
Reddit,Samsung Galaxy S24,"What should i buy - Google Pixel 9 or Samsung Galaxy S24 or anything else? What should i buy - Google Pixel 9 or Samsung Galaxy S24 snapdragon or anything else?

What are you guys targetting? Do we know the OnePlus price? What about Nothing Phone (3) that starts at 34,999 with offers? Which of these have the best camera (video)?",191.0,78.0,GadgetsIndia,1757847087.0,,,,
Reddit,Samsung Galaxy S24,Samsung Galaxy S24 Ultra runs Fallout 4 and many other PC games with more than playable frame rates ,416.0,159.0,hardware,1718681824.0,,,,
Reddit,Samsung Galaxy S24,Samsung says the Galaxy S24 Ultra's washed out display is intended behavior ,306.0,256.0,Android,1706911472.0,,,,
Reddit,Samsung Galaxy S24,Samsung is bringing Exynos to the US with Galaxy S24 FE ,354.0,144.0,Android,1725441778.0,,,,
Reddit,Samsung Galaxy S24,Google Pixel 9 Pro XL vs. Samsung Galaxy S24 Ultra ,278.0,171.0,Android,1725198793.0,,,,
Reddit,Samsung Galaxy S24,OnLeaks: Samsung Galaxy S24 Ultra renders ,287.0,262.0,Android,1696001974.0,,,,
Reddit,Samsung Galaxy S24,How to turn your Samsung Galaxy S25 into S24 ,741.0,42.0,IndiaTech,1738558855.0,,,,
BestBuy,Samsung Galaxy S24,Amazing product! Works perfectly. Highly recommend.,,,,,5.0,45.0,,
BestBuy,Samsung Galaxy S24,Disappointed with battery life. Overpriced for what you get.,,,,,2.0,32.0,,
BestBuy,Samsung Galaxy S24,Good but not great. Has some issues with connectivity.,,,,,3.0,18.0,,
Twitter,Samsung Galaxy S24,Just got my Samsung Galaxy S24 and I'm blown away! Best purchase ever! üî•,,,,,,,234.0,45.0
Twitter,Samsung Galaxy S24,Really disappointed with Samsung Galaxy S24. Not worth the hype at all üòû,,,,,,,89.0,12.0
Twitter,Samsung Galaxy S24,Samsung Galaxy S24 is okay. Nothing special but does the job.,,,,,,,23.0,3.0
Reddit,AirPods Pro,"Pixel Buds Pro from Airpods Pro user **August 10 2022 update**: I have returned my Pixel Buds Pro, so I will not be updating this thread. Some of the reasons for doing so:

\- Transparency mode is a big deal for me. And while they are pretty good on the PBP's, the AirPods Pro still stand unmatched. I rely on this (I guess I'm spoiled on them too) as I wear them almost all the time when out and about, and feel very constricted and not enough sound comes through like on the Airpods. It also has ve",383.0,232.0,GooglePixel,1658940355.0,,,,
Reddit,AirPods Pro,"AirPods Pro 3 impressions after 3 days TL;DR it's a solid update and well worth the money, with some caveats.

**ANC**

*dramatically* improved IF you get a good seal. I believe Apple's claim of a 2x improvement over the APP2, walking around outside or driving its whisper quiet. Watching traffic go by is eerily surreal and awesome. Conversations happening around me at the office are often barely audible and much easier to ignore. I used to own the ~~Bose QC45~~ overears (edit: I think I was misr",83.0,54.0,AirpodsPro,1758568371.0,,,,
Reddit,AirPods Pro,"My Honest Review of the AirPods Pro 3 
The new AirPods Pro 3 honestly feel like nothing has really changed. Sure, they have a new design ‚Äì slightly bigger than the AirPods Pro 2 ‚Äì but that‚Äôs about it.

Their strong points? Definitely battery life, ANC, and Transparency Mode new features, In fact, the transparency mode sounds noticeably better than the Pro 2, much more natural and clean.

But when it comes to sound quality, these lack so down bad. There‚Äôs a serious lack of bass, and overall they ",0.0,43.0,airpods,1758374212.0,,,,
Reddit,AirPods Pro,"Thinking of upgrading from AirPods Pro 2 to Sony XM6 Need help deciding. I'm deep in the Apple ecosystem (iPhone user, Apple Music subscriber), and currently using the AirPods Pro 2 for everything. Sound‚Äôs good, ANC is great, life is fine‚Ä¶ but I‚Äôve been eyeing the new Sony WH-1000XM6 for that¬†*next level*¬†audio experience, specifically for traveling, work. 

Before I drop serious coin, though, I need honest opinions from people who‚Äôve actually made the switch or done tests:

* **Will I**¬†***actu",10.0,49.0,SonyHeadphones,1754410750.0,,,,
Reddit,AirPods Pro,"AirPods Pro 3: Two Steps Forward, Three Steps Back Hi, Reddit!

I decided to share my experience with Apple‚Äôs new Pro 3 compared to the Pro 2

https://preview.redd.it/axs5z1e7jdsf1.jpg?width=1280&amp;format=pjpg&amp;auto=webp&amp;s=8b513ac20f51f27951b99d4a1c3c5ee85917251a

Important note: here I‚Äôm sharing impressions based solely on my personal experience. Only what I personally encountered. I fully understand that your opinion may differ, and I‚Äôll be glad to discuss it with you in the comments ",0.0,27.0,AirpodsPro,1759269453.0,,,,
Reddit,AirPods Pro,"After Using Both, the iPhone Air Just Feels Right: My Honest Take I originally bought the iPhone 17 Pro Max in Cosmic Orange as a preorder. I have purchased the Pro model every year since it first came out, often switching between the standard and the Max.

When I received the 17 Pro Max, I felt disappointed. I could not pinpoint why at first, but it felt cheaper. I had signal drops I never experienced before, and after reading posts here I became nervous about the durability. With a two year ol",473.0,528.0,iphone,1758564784.0,,,,
Reddit,AirPods Pro,"AIRPODS PRO 2 5.3 TB Honest REVIEW Ordered from hicity off of the airreps site 

Arrived to UK within 11 Days of purchase which is amazing considering they‚Äôre from china Ordered 17TH oct arrived 28th October

So here‚Äôs the review on them 

The build quality is excellent no major flaws there - the latch is great and they have decent weight to them as well not much to complain about regarding the box and build quality 

Sound quality is Really good aswell wore them to the gym they‚Äôre great and bet",21.0,10.0,AirReps,1761691366.0,,,,
Reddit,AirPods Pro,"QC Ultra Earbuds 2gen vs Airpods Pro 3 - ear tips fit and comfort I‚Äôm curious if anyone here is using QC Ultra Earbuds only because their wing tips that make them stay in ears at all times? As long as QC Ultra headphones are lighter than Airpods Max, then when it comes to earbuds I‚Äôd prefer to use Airpods Pro for a seamless switching experience between Apple devices, but no matter what ear tips or foam tips I try, they always start to slip out after 1-2 hours. Same goes for AP3 which I‚Äôve just t",2.0,13.0,bose,1758428118.0,,,,
Reddit,AirPods Pro,"where to buy airpods pro costco If you‚Äôre in the market for a quality pair of wireless earbuds, the AirPods Pro are top-notch! Typing ‚Äúwhere to buy AirPods Pro Costco‚Äù into your search bar? You're on the right track! 

In this post, we‚Äôll explore everything you need to know about getting your hands on the AirPods Pro at Costco. Let‚Äôs dive in!

### Understanding the AirPods Pro

Before we get into where to buy them, why are the AirPods Pro so popular?

- **Active Noise Cancellation**: Block out t",1.0,0.0,HomeGlowFinds,1764718859.0,,,,
Reddit,AirPods Pro,"Need help! Should I buy AirPods Pro 3, or buy cheaper Sony WF-1000XM5/AirPods Pro 2? I have an iPhone 15 Pro Max and have been using the Nothing Ear 2024. After a year, their battery now dies in just 10-15 minutes, which is really frustrating. I was excited about the launch of the AirPods Pro 3 and have watched dozens of reviews from audiophiles and popular tech reviewers. The opinions on their sound quality vary widely. I mainly listen to rock, techno, and electronic music. Also, how is the fit",2.0,8.0,AirpodsPro,1758917784.0,,,,
Reddit,AirPods Pro,"Need help! Should I buy AirPods Pro 3 or go for APP2? I have an iPhone 15 Pro Max and have been using the Nothing Ear 2024. After a year, their battery now dies in just 10-15 minutes, which is really frustrating. I was excited about the launch of the AirPods Pro 3 and have watched dozens of reviews from audiophiles and popular tech reviewers. The opinions on their sound quality vary widely. I mainly listen to rock, techno, and electronic music. Also, how is the fit compared to APP2? Do your ears",3.0,4.0,airpods,1758916571.0,,,,
Reddit,AirPods Pro,"AirPods Pro - 2D27 Feedback and Thoughts Apple pushes another update for the AirPods Pro, **2D27.** Yay or Nay? Let's dive in.

&amp;#x200B;

**Whats changed?** (from a user perspective)

* Certain users will rejoice the sound signature while others complain.
* ANC has gotten even better.

&amp;#x200B;

Allow me to explain.

**------ ANC --------**

In a market where various choices exist, many chose the AirPods Pro for its acclaimed ANC; at least based on the early reviews. Though this quickly ",103.0,132.0,airpods,1592964513.0,,,,
Reddit,AirPods Pro,"Need help! Should I buy AirPods Pro 3, or buy cheaper Sony WF-1000XM5/AirPods Pro 2? I have an iPhone 15 Pro Max and have been using the Nothing Ear 2024. After a year, their battery now dies in just 10-15 minutes, which is really frustrating. I was excited about the launch of the AirPods Pro 3 and have watched dozens of reviews from audiophiles and popular tech reviewers. The opinions on their sound quality vary widely. I mainly listen to rock, techno, and electronic music. Also, how is the fit",1.0,1.0,IndiaTech,1758917225.0,,,,
Reddit,AirPods Pro,"Airpods Pro 2 v5.3 HuiLian from Jenny So, I thought I‚Äôd share my experience with the AirPods Pro 2 replicas I recently bought from Jenny. While traveling over Christmas, I left my original AirPods Pro 1 at Chiang Mai Airport (if you‚Äôre nearby, maybe check lost property üòÇ). Money‚Äôs tighter than usual, so I figured I‚Äôd explore the replica market. After reading the pinned post on this subreddit and browsing other users reviews, I tried to figure out which factory model was the best - opinions seem ",24.0,17.0,AirReps,1737032776.0,,,,
Reddit,AirPods Pro,"My experience with the AirPods Pro 2 coming from APP 1 **TL;DR:**  
All in all, the APP2 and APP1 are both great, so if you have the APP1 and are happy, keep them and save your money for something else. If you're new to AirPods Pro, get the 2nd gen. The new QoL features are worth the extra 50‚Ç¨ in my opinion, and the lift in audio quality and better ANC is definitely welcome.

**INTRODUCTION**:  
So I got the AirPods Pro 2 after my two years old APP1 - which after 1.5 years of giving me so much j",150.0,42.0,airpods,1669192110.0,,,,
Reddit,AirPods Pro,"My Experience with Buds 3 Pro, So Far.... (It's very long and has comparisons to Airpods Pro Gen 2) [Buds 3 Pro vs Airpods Pro 2 \(USB-C\)](https://preview.redd.it/8injzmniu4ed1.jpg?width=1598&amp;format=pjpg&amp;auto=webp&amp;s=2f8c784b77a528a13eda6ebbc291663b71735ac5)

So, I've had the Buds 3 Pro for 2 days now, and I wanted to share some of my feelings so far on them. Some are good, some are really bad. 

For context, I've owned the Buds+ and Buds2 prior and then switched to Airpods Pro 2 in ",19.0,25.0,galaxybuds,1721681696.0,,,,
Reddit,AirPods Pro,"Samsung has lost its magic. Before I start, I don't want this to seem like I'm hating unnecessarily. If there's anything you have an opinion on what I said, I'd love to talk about it in the comments.

I have always been the biggest Samsung fan. I've always supported them and always used their products. But recently, I really don't like the direction the company is going with their products. This is going to be a bit long, but this is my experience and opinions on their mobile products.

My Overa",536.0,341.0,samsung,1736517517.0,,,,
Reddit,AirPods Pro,"Vincent's V4.5 AirPods Pro Complete Review V4,5 Images [https://imgur.com/a/is4W3AL](https://imgur.com/a/is4W3AL)

Retail Comparison Images [https://imgur.com/a/yFilRv8](https://imgur.com/a/yFilRv8)

**Disclaimer:** I will be comparing these directly to my retail Pros, I may be more critical in this review. Please do not solely judge your total buying decision based on my review as I will be quite nit-picky here and we may not share the same opinions/experiences. Tests are done on an iPX running",35.0,66.0,AirReps,1601100504.0,,,,
Reddit,AirPods Pro,"Vincent's V4.5 AirPods Pro Complete In-Depth Review V4,5 Images [https://imgur.com/a/is4W3AL](https://imgur.com/a/is4W3AL)

Retail Comparison Images [https://imgur.com/a/yFilRv8](https://imgur.com/a/yFilRv8)

**Disclaimer:** I will be comparing these directly to my retail Pros, I may be more critical in this review. Please do not solely judge your total buying decision based on my review as I will be quite nit-picky here and we may not share the same opinions/experiences. Tests are done on an iP",67.0,55.0,RepTronics,1601057304.0,,,,
Reddit,AirPods Pro,"Air pod pro 2 experiences. After updating the firmware in my air pod pro 2 earbuds lately, I‚Äôve been experimenting. What I‚Äôve discovered is that if I use them in transparency mode (with my audiogram loaded onto them), they actually do a remarkable job of helping you understand speech. And they are just as good or perhaps even better than my otiocon 1 HA's in one specific use case. They certainly don‚Äôt have all the features of my oticon‚Äôs however, and really suck in windy environments. I‚Äôve been ",10.0,3.0,HearingAids,1727647429.0,,,,
Reddit,AirPods Pro,"NEW Bill's Airpods Pro V4 vs Spring 3.8 Review **UPDATED 17th July 2020**

*I've embedded a video below that demonstrates;*

* *The difference in the lid magnets*
* *The weight difference in the case*
* *The ""touch"" versus ""squeeze"" sensors*
* *The difference in the spare tips.*

*It was just a quick effort, so it's a bit mumbly and I haven't even attempted to edit it nicely. I'm not looking for a career as a YouTuber.*

*I have added info on Mac pairing and microphone quality.*

*The left touch",103.0,40.0,RepTronics,1594867711.0,,,,
Reddit,AirPods Pro,"Do airpod pro 2s support bluetooth LE low power transmission? Will it work with a base s23? Do I need a friend's iPhone to update pod firmware? Would be great for me so I don't need a power bank which are inefficient anyway to listen to podcasts all day walking. Anyone have experience , opinions, ways to enable on both devices? Other TWS buds that do support it and are compatible with base s23? Also do I need a friend's iPhone to update the airpod firmware?  How much power does LE transmission a",2.0,3.0,AirpodsPro,1725473098.0,,,,
Reddit,AirPods Pro,"Short-term review of the AirPods Pro 2nd generation - it‚Äôs wonderful for a specific type of people Heya there, I‚Äôm Tom, freshly turned 18 and I‚Äôve gotten AirPods Pro as a gift. 
At first sight, these AirPods looks exactly the same as the previous generation (apart from the case), but on the first time I put them in my ears, I wasn‚Äôt expecting that much of a difference with the previous ones.
I got them to do a side-to-side comparison, and the result is crystal clear : much more bass - not overwh",4.0,1.0,airpods,1724855217.0,,,,
Reddit,AirPods Pro,"M3 MacBook Pro: 1 Year Later Apple Intelligence Summary at the end

So I‚Äôve had the M3 MacBook Pro since launch and wanted to share my thoughts about the device after using it for a year. I upgraded from a 2017 base 13-inch MacBook Pro. The model I went with was the 14-inch base M3 Pro version with an 11-core CPU, 14-core GPU, 18 GB of RAM, and 512 GB of storage in the space black finish.  I use a Tech21 Evo hard shell case and a Spigen tempered glass screen protector, both of which I have used ",603.0,138.0,macbookpro,1730908329.0,,,,
Reddit,AirPods Pro,"First Experience Review of AirPods Pro 2nd Generation - From a non-audiophile Comfort: 9.5/10 - Very comfortable, doesn‚Äôt fall out even with aggressive head movement.

Touch Controls: 10/10 - The functions available for touch control (like volume slider) are useful. Using the touch functions is not hard to figure out. Unlike many other earbuds, you can adjust their angle in your ears without accidentally setting off a touch control.

Noise Cancelling: 9.5/10 - Works well overall. Amazing for alm",11.0,1.0,airpods,1703913360.0,,,,
Reddit,AirPods Pro,"Apple AirPods Pro 2 Review - From A Consumer's Perspective With Some Comparisons &amp;#x200B;

[AirPods Pro 2](https://preview.redd.it/ywgdsohobxp91.png?width=720&amp;format=png&amp;auto=webp&amp;s=21fa8418894dd8fa346dbfa68fed85b5bc766bb3)

Before you begin reading this, I would like to point out that by no means am I a professional audiophile, but I have tested many headphones/IEMs, EarBuds etc. This review is based on my honest opinion and how I feel about it. This is not supposed to be used a",47.0,7.0,headphones,1664076756.0,,,,
Reddit,AirPods Pro,"M3 MacBook Pro: 1 Year Later Apple Intelligence Summary at the end

So I‚Äôve had the M3 MacBook Pro since launch and wanted to share my thoughts about the device after using it for a year. I upgraded from a 2017 base 13-inch MacBook Pro. The model I went with was the 14-inch base M3 Pro version with an 11-core CPU, 14-core GPU, 18 GB of RAM, and 512 GB of storage in the space black finish.  I use a Tech21 Evo hard shell case and a Spigen tempered glass screen protector, both of which I have used ",496.0,108.0,macbook,1730908378.0,,,,
Reddit,AirPods Pro,"After 10 Days: Samsung XR vs Apple Vision Pro Review Now that I have tested SXR for about 10 days I will give my final thoughts about it in Rating system as I always do:

**- Software UI:**

**Apple Vision Pro 10/10**  
**Samsung XR 7.5/10**

Vision Pro at least 1 year ahead in software and UI. The smoothness, the settings, the enviroments, ability to make apps bigger or smaller or move them, its just better. Infact I couldnt make non XR apps change their size in Samsung XR which was huge deal f",35.0,105.0,virtualreality,1762101326.0,,,,
Reddit,AirPods Pro,"Comparison of the Airpods Pro, Jabra 85t, Beats Fit Pro, Sony WF-1000xm4 and Soundcore Liberty 3 Pro Hi everybody,

so I was in the (un)lucky situation to try all of these earbuds and I thought I share with you my experience.

As an Android user I started in 2020 with the Airpods Pro with which I was quite happy until some months ago, when the Airpods Pro started to show more and more bugs that were specific to their use with Android phones (I used both Samsung s9 and s21 with the Airpods Pro). ",24.0,9.0,Earbuds,1647988626.0,,,,
Reddit,AirPods Pro,"Why I feel that it is not worth it to get the AirPods Pro in 2021 The Airpods Pro was released in October 2019. It boasted an improved design to the Original Airpods. The Airpods Pro also delivers active noise cancellation or ANC, an in-ear canal seal and a new (higher) price tag. Back in 2019, it seemed light years ahead. And as an iPhone 12 Mini user, I was lucky enough to be given a pair by my uncle.

Now, the Airpods Pro retails for S$379 Singapore Dollars on the Apple Singapore Website but ",20.0,12.0,airpods,1631950658.0,,,,
Reddit,AirPods Pro,"Airpod Pro‚Äôs on amazon Hello, I recently have been looking at getting some airpod pro‚Äôs on Amazon to replace my super old gen one airpods, but due to split reviews, I am now question their authenticity. Do any of you guys have experience/opinions on this? It is from the ‚Äúofficial‚Äù apple seller on amazon so that is my main concern, as many buyers say they are ‚Äúfake‚Äù or used and things like that. 

Here is the link for those who may want it: https://a.co/d/cPQErZk 

Thanks",0.0,6.0,airpods,1660027838.0,,,,
Reddit,AirPods Pro,"Advice on Sony vs Apple (Airpods Pro v. WF-1000mx3) A few weeks ago, my Bose QC30s finally broke down. I‚Äôve had them replaced over 4-5 times in the last 3 years because they developed static in the earbuds. I already swore that if they broke again, I‚Äôd replace them. Surprisingly, they lasted the longest of all of them. A few weeks back, they started turning off on their own and within the day, they flashed red and no longer charge, which I found out I‚Äôd have to replace them. 

Now, I‚Äôm basing my",13.0,14.0,HeadphoneAdvice,1594271108.0,,,,
Reddit,AirPods Pro,"HiCity V4 - 25$ Airpods Pro So I wanna begin by saying, these are extremely usable. If you are looking for something that works well, but you don't need the highest end or want to spend a lot, these are really good for the price.

I was sent my unit for the purpose of review.  All statements are my honest opinion.

**Build quality - 8/10:**

These feel like what apple would make, for a little less than retail airpods pro. The hinge is pretty solid, but does not look 1:1. They have an LED diffuse",6.0,8.0,AirReps,1632488805.0,,,,
Reddit,AirPods Pro,"AirPod Pro ¬°OUCH! I just upgraded from the original AirPods to the Pros today and I‚Äôd like to share a couple thoughts...

Fit:
Yikes! The original AirPods fit me absolutely perfectly. I could easily forget they were in my ears. With the pros, the plastic part sits against your outer ear (cartilage). There‚Äôs a decent amount of pressure and they cause pain (for me) after about 20 minutes. There‚Äôs no way I‚Äôve found to relieve this pain...

Sound:
[this is obviously subjective ‚Äî I listen to modern m",0.0,17.0,apple,1580553611.0,,,,
Reddit,AirPods Pro,"Comply Memory Foam Tips for Airpods Pro Review (They're bad) I've been using the comply memory foam tips for Airpods Pro for a bit now.  Because I was someone patiently waiting for any/all news regarding the comply tips for months, I want to share my experience for anyone else that might be interested. I have also tested various other memory foam options for the Airpods Pro as well and will factor in these experience into my review. 

**tl;dr: In my humble opinion, the comply memory foam tips fo",12.0,12.0,airpods,1593122841.0,,,,
Reddit,AirPods Pro,"Comply Memory Foam Tips for Airpods Pro Review (They're bad) I've been using the comply memory foam tips for Airpods Pro for a bit now.  Because I was someone patiently waiting for any/all news regarding the comply tips for months, I want to share my experience for anyone else that might be interested. I have also tested various other memory foam options for the Airpods Pro as well and will factor in these experience into my review. 

**tl;dr: In my humble opinion, the comply memory foam tips fo",9.0,12.0,AirpodsPro,1593122869.0,,,,
Reddit,AirPods Pro,"Versatility meets lightweight - My full hands-on review of the new Pakt Aero 35L I received the new Pakt. Aero 35L travel backpack. In this review I‚Äôm gonna give a deep-dive into the new Aero 35L from Pakt., explain it‚Äôs features, how I packed it and compare it to some other big names from this community. Sorry in advance for the long write up, but I‚Äôd rather share too much than too little which can be frustrating. To make it easier I gave each section a separate headline.

TLDR; at the bottom

",123.0,82.0,onebag,1750868356.0,,,,
Reddit,AirPods Pro,"Why I feel that it is not worth it to get the AirPods Pro in 2021. My own review The Airpods Pro was released in October 2019. It boasted an improved design to the Original Airpods. The Airpods Pro also delivers active noise cancellation or ANC, an in-ear canal seal and a new (higher) price tag. Back in 2019, it seemed light years ahead. And as an iPhone 12 Mini user, I was lucky enough to be given a pair by my Uncle.

Now, the Airpods Pro retails for S$379 Singapore Dollars on the Apple Singapo",2.0,4.0,Earbuds,1632121747.0,,,,
Reddit,AirPods Pro,"AirPods Pro: The First Earbuds to Fit in my Damn Ears I've always been a fan of Apple, especially their software. iOS and Mac OS is tough to compete with, given its speed, ease of use, resistance to malware (seemingly, at least), and clean design. Compared to Android and especially Windows, OS wins hands down in my opinion. 

I currently have a 2013 MacBook (which i got a few years ago, still running as quickly as the day i got it), and recently bought the iPhone 11, which was a big upgrade from",3.0,12.0,apple,1574174600.0,,,,
Reddit,AirPods Pro,"Is it worth upgrading from an iPhone 14 Pro Max to an iPhone Air? As an iPhone 14 Pro Max owner, I'm torn between whether or not it's worth upgrading from my iPhone 14 Pro Max to the iPhone Air.

If you'd be so kind, I'd appreciate your advice and recommendations, based primarily on sound reasoning.

If you've made the switch or tried it, I'd like to know your conclusions. I'm asking for your opinion, not based on reviews or simply because I don't like them.

Those aren't helpful to me, thank yo",12.0,61.0,IphoneAir,1763561045.0,,,,
Reddit,AirPods Pro,"List of all known banned subreddits sorted alphabetically and by reason Ban/Quarintine Evasion:

* r/1000000DChess
* r/109Subreddits
* r/1350
* r/14HonksIn88Clowns
* r/2genders
* r/2XAgainst_HateSubs
* r/32CountyIrelandMemes
* r/33rdDegreeElders
* r/absolutelynotme_ira
* r/ABugsLife
* r/AccidentalDeaths
* r/AFwithNJF
* r/AgainistMDEgenocide
* r/AgainstFagSubreddits
* r/AgainstTheLGBTQ
* r/AgeplayPenPals2
* r/AgePlayPenPals4
* r/AF_GROyPER
* r/ancap2
* r/AnCap_Imperialism
* r/antifafrenworld
* r/",783.0,209.0,reclassified,1563843265.0,,,,
Reddit,AirPods Pro,"Nothing Headphone(1): a disaster out of the box, but.. (+EQ collection inside) # Introduction

I got my pair of Headphone (1) on July 22 via preorder, and decided that once I hit 50+ hours of listening, I‚Äôd write up my impressions.  
Well, today‚Äôs the day ‚Äî and yes, I‚Äôm writing this while wearing them right now.

**Short disclaimer:** I‚Äôm not a professional listener or an elitist audiophile with $1000+ cans sitting in my closet. But I do have decades of experience with dozens of headphones and I",201.0,48.0,NothingTech,1754851396.0,,,,
Reddit,AirPods Pro,"r/NFL Top 100 Players of the 2021 Season - #30-21 #Welcome to the reveal for players ranked 30-21 for the r/NFL Top 100 Players of the 2021 Season!  
  
Players whose average rank landed them in places 30-21 are on this portion of the list revealed today. **Players are associated with the team they finished playing for in 2021**

Below you will see some write-ups from the rankers summarizing the players‚Äô 2021 season and why they were among the best in 2021. Stats for each player are included bel",134.0,563.0,nfl,1658249085.0,,,,
Reddit,AirPods Pro,"JLab JBuds Lux ANC 2 weeks review # Context

* No of days since bought: &gt; 2 weeks
* Avg daily time of use: 2-3 hours
* Testing environments: Home, Library, Road with plenty traffic
* Other headphones/earphones I've owned
   * Airpods Gen 1
   * Soundcore Q10
   * Soundcore R100
* I wear spectacles

# Build

* Feels compact, in comparison to my Soundcore Q10s which were massive and weighty. I can wear these for long hours, however, the clamping force is a bit too tight for my liking. However, ",50.0,95.0,headphonesindia,1750095808.0,,,,
Reddit,AirPods Pro,"AirPods Pro vs Jabra elite 85t sound quality. Hi, due to Amazon day both the Jabra 85t and AirPods Pro are similar price. Both seem to have good features which I‚Äôd be happy with either way but the main deciding factor for me is the the sound. I know that I‚Äôm not going to get the best sound quality from either of them but I feel they have the best balance in features, sound and price (I‚Äôm just sad that I missed out on senheiser momentum 2s reduced by ¬£100. I‚Äôve watched quite a few reviews on both",1.0,2.0,HeadphoneAdvice,1624283099.0,,,,
Reddit,AirPods Pro,"My First impression Samsung XR vs Vision Pro (new strap): dissapointed from Google side but statisfied from Samsung side My Samsung XR still need 4 days to arrive as delivery estimate keeps changing but I managed to test it for 1 hour with my mate's headset and compared to Vision Pro, I will do more testing after receiving mine but here are key points:

1. Dont expect Vision Pro level of UI and ease of use yet, its at least 1 year behind in that regard and maybe even worse than day 1 Vision Pro.",27.0,56.0,virtualreality,1761339907.0,,,,
Reddit,AirPods Pro,"Galaxy buds 3 pro, are they any good? I thoroughly tested these quite controversial new earbuds since day one and they are fine but need rafinement.

My recent experience with the Samsung galaxy buds 3 pro has been enjoyable to some extents.

Out of the box, they look really nice and first impression, they feel nice they look nice and weigh about 4 grams less than airpods (58g vs 62g) so they quality feel is there.

I tested the fit and they are comfortable although a little bit less when im lay",150.0,136.0,galaxybuds,1722138214.0,,,,
Reddit,AirPods Pro,"What is the best noise cancelling headset (with/without mic) for WFH? Having a noise-cancelling headset is always good since it allows you to block the outside noise while using it. You will be able to pay attention better while on a call or listening to something if you have this feature on your headset. Thus, if you expect to make important calls often, for example if you want to work from home, this is a feature that you may need.

These days, it is getting more common for people to work from",229.0,140.0,sysadmin,1705480124.0,,,,
Reddit,AirPods Pro,"Comparing Luigi's Japan OneBag List with the Arrest Inventory *I originally wrote this as a personal exercise, but figured I may as well post here in case someone finds it interesting/useful (NOT YOU FEDS). It's half-journal, half-packing list and details Luigi's setup from his 2 months in Asia across various countries and climates, and throughout some cross-country motorcycling compared with the* [arrest inventory from the Altoona police](https://www.reddit.com/r/BrianThompsonMurder/comments/1i",112.0,72.0,BrianThompsonMurder,1740534286.0,,,,
Reddit,AirPods Pro,"Our favorite products on sale so far from headphone testers and reviewers. We review a lot of headphones at RTINGS (over 850 at this point), but we haven't tested everything that's out there. If we miss a product you think should be on the list, or you need advice on something we haven't tested, we can still give our opinion based on market knowledge and experience, just **ask your question in the comments**!

To keep things simple to start, we're going with pretty popular TWS earbuds oriented t",21.0,31.0,Earbuds,1764263081.0,,,,
BestBuy,AirPods Pro,Amazing product! Works perfectly. Highly recommend.,,,,,5.0,45.0,,
BestBuy,AirPods Pro,Disappointed with battery life. Overpriced for what you get.,,,,,2.0,32.0,,
BestBuy,AirPods Pro,Good but not great. Has some issues with connectivity.,,,,,3.0,18.0,,
Twitter,AirPods Pro,Just got my AirPods Pro and I'm blown away! Best purchase ever! üî•,,,,,,,234.0,45.0
Twitter,AirPods Pro,Really disappointed with AirPods Pro. Not worth the hype at all üòû,,,,,,,89.0,12.0
Twitter,AirPods Pro,AirPods Pro is okay. Nothing special but does the job.,,,,,,,23.0,3.0
